value_id,value,unit,source_file,method,status,manuscript_location
baseline_width_mm,114.0,mm,config/scenarios.json,configured illustrative baseline,HYPOTHETICAL_SCENARIO,Abstract; Methods 2.3; Results 3.2
primary_candidate_width_mm,95.0,mm,config/scenarios.json,configured illustrative candidate,HYPOTHETICAL_SCENARIO,Abstract; Methods 2.3; Results 3.2
patent_contrast_count,9.0,contrasts,data/processed/pg_patent_table2_width_contrasts.csv,row count,CALCULATED_FROM_PATENT_TABLE,Results 3.1
patent_positive_contrasts,4.0,contrasts,data/processed/pg_patent_table2_width_contrasts.csv,count material_saving_fraction > 0,CALCULATED_FROM_PATENT_TABLE,Results 3.1
patent_negative_contrasts,5.0,contrasts,data/processed/pg_patent_table2_width_contrasts.csv,count material_saving_fraction < 0,CALCULATED_FROM_PATENT_TABLE,Abstract; Results 3.2
patent_saving_min,-0.2,fraction,data/processed/pg_patent_table2_width_contrasts.csv,minimum,CALCULATED_FROM_PATENT_TABLE,Results 3.1
patent_saving_max,0.183824,fraction,data/processed/pg_patent_table2_width_contrasts.csv,maximum,CALCULATED_FROM_PATENT_TABLE,Results 3.1
primary_width_break_even_longitudinal_ratio,1.2,ratio,tables/table_2_width_scenarios.csv,baseline width / candidate width,ANALYTICAL_BOUNDARY,Results 3.2
primary_width_zero_compensation_saving,0.16666666666666663,fraction,tables/table_2_width_scenarios.csv,1 - width ratio,HYPOTHETICAL_SCENARIO,Results 3.2
primary_width_break_even_consumption_increase,0.19999999999999996,fraction,tables/table_2_width_scenarios.csv,break-even longitudinal ratio minus one,ANALYTICAL_BOUNDARY,Results 3.2; Discussion 4.3
center_low_task_mix_saving,0.09999999999999998,fraction,tables/table_3_center_perforation_scenarios.csv,task-mixture expectation,HYPOTHETICAL_SCENARIO,Results 3.3
center_mid_task_mix_saving,0.19999999999999996,fraction,tables/table_3_center_perforation_scenarios.csv,task-mixture expectation,HYPOTHETICAL_SCENARIO,Results 3.3
center_high_task_mix_saving,0.30000000000000004,fraction,tables/table_3_center_perforation_scenarios.csv,task-mixture expectation,HYPOTHETICAL_SCENARIO,Results 3.3
straw_primary_length_reduction,0.2,fraction,config/scenarios.json,configured primary straw scenario,HYPOTHETICAL_SCENARIO,Abstract; Methods 2.7; Results 3.4
straw_primary_expected_replacement_rate_break_even,0.25,fraction,tables/table_4_straw_break_even.csv,1/(1-length reduction)-1 at configured primary reduction,ANALYTICAL_BOUNDARY,Abstract; Results 3.4; Results 3.7
straw_primary_failure_probability_break_even,0.19999999999999996,fraction,tables/table_4_straw_break_even.csv,1 - (1-length reduction)/(1-shifted burden) at configured primary reduction,ANALYTICAL_BOUNDARY,Abstract; Results 3.4; Results 3.7
straw_10pct_length_reduction,0.1,fraction,config/scenarios.json,configured fixed straw comparison row,HYPOTHETICAL_SCENARIO,Results 3.4
straw_20pct_length_reduction,0.2,fraction,config/scenarios.json,configured fixed straw comparison row,HYPOTHETICAL_SCENARIO,Results 3.4
straw_30pct_length_reduction,0.3,fraction,config/scenarios.json,configured fixed straw comparison row,HYPOTHETICAL_SCENARIO,Results 3.4
straw_10pct_expected_replacement_rate_break_even,0.11111111111111116,fraction,tables/table_4_straw_break_even.csv,1/(1-length reduction)-1,ANALYTICAL_BOUNDARY,Results 3.4
straw_20pct_expected_replacement_rate_break_even,0.25,fraction,tables/table_4_straw_break_even.csv,1/(1-length reduction)-1,ANALYTICAL_BOUNDARY,Results 3.4
straw_30pct_expected_replacement_rate_break_even,0.4285714285714286,fraction,tables/table_4_straw_break_even.csv,1/(1-length reduction)-1,ANALYTICAL_BOUNDARY,Results 3.4
straw_10pct_failure_probability_break_even,0.09999999999999998,fraction,tables/table_4_straw_break_even.csv,1 - (1-length reduction)/(1-shifted burden),ANALYTICAL_BOUNDARY,Results 3.4
straw_20pct_failure_probability_break_even,0.19999999999999996,fraction,tables/table_4_straw_break_even.csv,1 - (1-length reduction)/(1-shifted burden),ANALYTICAL_BOUNDARY,Results 3.4
straw_30pct_failure_probability_break_even,0.30000000000000004,fraction,tables/table_4_straw_break_even.csv,1 - (1-length reduction)/(1-shifted burden),ANALYTICAL_BOUNDARY,Results 3.4
logistics_baseline_length_mm,165.0,mm,config/scenarios.json,configured illustrative packed length,HYPOTHETICAL_SCENARIO,Results 3.5
logistics_mid_length_mm,132.0,mm,config/scenarios.json,configured illustrative packed length,HYPOTHETICAL_SCENARIO,Results 3.5
logistics_short_length_mm,115.5,mm,config/scenarios.json,configured illustrative packed length,HYPOTHETICAL_SCENARIO,Results 3.5
logistics_baseline_units_per_carton,360.0,units/carton,tables/table_5_logistics_integer_packing.csv,integer orientation packing,HYPOTHETICAL_SCENARIO,Abstract; Results 3.5
logistics_mid_units_per_carton,540.0,units/carton,tables/table_5_logistics_integer_packing.csv,integer orientation packing,HYPOTHETICAL_SCENARIO,Abstract; Results 3.5
logistics_short_units_per_carton,600.0,units/carton,tables/table_5_logistics_integer_packing.csv,integer orientation packing,HYPOTHETICAL_SCENARIO,Abstract; Results 3.5
logistics_mid_capacity_increase,0.5,fraction,tables/table_5_logistics_integer_packing.csv,mid-length capacity / baseline capacity - 1,HYPOTHETICAL_SCENARIO,Results 3.5
logistics_mid_length_reduction,0.19999999999999996,fraction,config/scenarios.json,1 - mid packed length / baseline packed length,HYPOTHETICAL_SCENARIO,Results 3.5
monte_carlo_seed,20260924.0,integer,config/scenarios.json,configured fixed seed,REPRODUCIBILITY_PARAMETER,Methods 2.7
monte_carlo_iterations,200000.0,draws,config/scenarios.json,configured draw count,REPRODUCIBILITY_PARAMETER,Methods 2.7
width_mc_mean,0.06359441981634716,fraction,tables/table_6_monte_carlo_summary.csv,mean of configured scenario distribution,HYPOTHETICAL_SCENARIO_SIMULATION,Results 3.6
width_mc_median,0.06847625410010477,fraction,tables/table_6_monte_carlo_summary.csv,median of configured scenario distribution,HYPOTHETICAL_SCENARIO_SIMULATION,Results 3.6
width_mc_p2_5,-0.03928201835230734,fraction,tables/table_6_monte_carlo_summary.csv,p2_5 of configured scenario distribution,HYPOTHETICAL_SCENARIO_SIMULATION,Results 3.6
width_mc_p97_5,0.14718504914521496,fraction,tables/table_6_monte_carlo_summary.csv,p97_5 of configured scenario distribution,HYPOTHETICAL_SCENARIO_SIMULATION,Results 3.6
width_mc_probability_positive,0.87883,fraction,tables/table_6_monte_carlo_summary.csv,probability_positive of configured scenario distribution,HYPOTHETICAL_SCENARIO_SIMULATION,Results 3.6
perforation_mc_mean,0.14974262176984537,fraction,tables/table_6_monte_carlo_summary.csv,mean of configured scenario distribution,HYPOTHETICAL_SCENARIO_SIMULATION,Results 3.6
perforation_mc_median,0.14187989952047575,fraction,tables/table_6_monte_carlo_summary.csv,median of configured scenario distribution,HYPOTHETICAL_SCENARIO_SIMULATION,Results 3.6
perforation_mc_p2_5,0.01546527903405732,fraction,tables/table_6_monte_carlo_summary.csv,p2_5 of configured scenario distribution,HYPOTHETICAL_SCENARIO_SIMULATION,Results 3.6
perforation_mc_p97_5,0.32440664375929507,fraction,tables/table_6_monte_carlo_summary.csv,p97_5 of configured scenario distribution,HYPOTHETICAL_SCENARIO_SIMULATION,Results 3.6
perforation_mc_probability_positive,0.991755,fraction,tables/table_6_monte_carlo_summary.csv,probability_positive of configured scenario distribution,HYPOTHETICAL_SCENARIO_SIMULATION,Results 3.6
straw_mc_mean,0.06830455810013879,fraction,tables/table_6_monte_carlo_summary.csv,mean of configured scenario distribution,HYPOTHETICAL_SCENARIO_SIMULATION,Results 3.6
straw_mc_median,0.07770861424363351,fraction,tables/table_6_monte_carlo_summary.csv,median of configured scenario distribution,HYPOTHETICAL_SCENARIO_SIMULATION,Results 3.6
straw_mc_p2_5,-0.06692657331564945,fraction,tables/table_6_monte_carlo_summary.csv,p2_5 of configured scenario distribution,HYPOTHETICAL_SCENARIO_SIMULATION,Results 3.6
straw_mc_p97_5,0.16521145544656018,fraction,tables/table_6_monte_carlo_summary.csv,p97_5 of configured scenario distribution,HYPOTHETICAL_SCENARIO_SIMULATION,Results 3.6
straw_mc_probability_positive,0.832685,fraction,tables/table_6_monte_carlo_summary.csv,probability_positive of configured scenario distribution,HYPOTHETICAL_SCENARIO_SIMULATION,Results 3.6
