source_id,source_url,final_url,retrieved_utc,access_date,status,content_type,local_path,size_bytes,sha256,error,usage_note
jclp_01,https://www.sciencedirect.com/journal/journal-of-cleaner-production/publish/guide-for-authors,https://www.sciencedirect.com/journal/journal-of-cleaner-production/publish/guide-for-authors,2026-09-24T07:02:01+00:00,2026-09-24,FAILED,,data/raw/jclp_sources/snapshots/2026-09-24/jclp_01.html,0,e3b0c44298fc1c149afbf4c8996fb92427ae41e4649b934ca495991b7852b855,HTTP Error 403: Forbidden,Persisted public source snapshot; redistribution depends on source terms.
jclp_02,https://www.sciencedirect.com/journal/journal-of-cleaner-production/publish/open-access-options,https://www.sciencedirect.com/journal/journal-of-cleaner-production/publish/open-access-options,2026-09-24T07:02:01+00:00,2026-09-24,FAILED,,data/raw/jclp_sources/snapshots/2026-09-24/jclp_02.html,0,e3b0c44298fc1c149afbf4c8996fb92427ae41e4649b934ca495991b7852b855,HTTP Error 403: Forbidden,Persisted public source snapshot; redistribution depends on source terms.
jclp_03,https://www.elsevier.com/subject/environmental-science/journal-of-cleaner-production-family,https://www.elsevier.com/subject/environmental-science/journal-of-cleaner-production-family,2026-09-24T07:02:01+00:00,2026-09-24,200,text/html; charset=utf-8,data/raw/jclp_sources/snapshots/2026-09-24/jclp_03.html,232990,e2c6cf63b846f091f6a2b6453adc53ba8d926b7ae73b96916156ba368f1f8ba8,,Persisted public source snapshot; redistribution depends on source terms.
jclp_04,https://www.elsevier.com/about/policies-and-standards/generative-ai-policies-for-journals,https://www.elsevier.com/about/policies-and-standards/generative-ai-policies-for-journals,2026-09-24T07:02:05+00:00,2026-09-24,200,text/html; charset=utf-8,data/raw/jclp_sources/snapshots/2026-09-24/jclp_04.html,345825,4a14849893fac961ff8423f4b422f5cabc78701012bcfcc2681ee87d639c29cf,,Persisted public source snapshot; redistribution depends on source terms.
jclp_05,https://www.elsevier.com/about/policies-and-standards/publishing-ethics,https://www.elsevier.com/about/policies-and-standards/publishing-ethics,2026-09-24T07:02:05+00:00,2026-09-24,200,text/html; charset=utf-8,data/raw/jclp_sources/snapshots/2026-09-24/jclp_05.html,307902,107ba1e86507753f40f1de92542b94c99014d8131d5675ead04dcd67eb74372c,,Persisted public source snapshot; redistribution depends on source terms.
jclp_06,https://www.elsevier.com/about/policies-and-standards/research-ethics,https://www.elsevier.com/about/policies-and-standards/research-ethics,2026-09-24T07:02:06+00:00,2026-09-24,200,text/html; charset=utf-8,data/raw/jclp_sources/snapshots/2026-09-24/jclp_06.html,238571,8aef93e45ea391f4caa538d6cef85fdb782e63c51c42dd6ed30bd747ee519492,,Persisted public source snapshot; redistribution depends on source terms.
jclp_07,https://www.elsevier.com/about/policies-and-standards/author/artwork-and-media-instructions/artwork-formats-checklist,https://www.elsevier.com/about/policies-and-standards/author/artwork-and-media-instructions/artwork-formats-checklist,2026-09-24T07:02:07+00:00,2026-09-24,200,text/html; charset=utf-8,data/raw/jclp_sources/snapshots/2026-09-24/jclp_07.html,211462,6d4a1713da133b5a21eabf269ff50f7f3d1e2fe28fa45f597b931415883c5236,,Persisted public source snapshot; redistribution depends on source terms.
jclp_08,https://www.elsevier.com/researcher/author/tools-and-resources/graphical-abstract,https://www.elsevier.com/researcher/author/tools-and-resources/graphical-abstract,2026-09-24T07:02:08+00:00,2026-09-24,200,text/html; charset=utf-8,data/raw/jclp_sources/snapshots/2026-09-24/jclp_08.html,229364,44b3493e90228aa4b63a4f0b788e81d6f1398b5f759f853c827a6eb3c70990ce,,Persisted public source snapshot; redistribution depends on source terms.
jclp_09,https://www.elsevier.com/researcher/author/tools-and-resources/research-data/data-guidelines,https://www.elsevier.com/researcher/author/tools-and-resources/research-data/data-guidelines,2026-09-24T07:02:08+00:00,2026-09-24,200,text/html; charset=utf-8,data/raw/jclp_sources/snapshots/2026-09-24/jclp_09.html,209160,cb59962ed857f02887c4f3256fa2601fa8fdc313ba900eacb7fc9b6b816e58b0,,Persisted public source snapshot; redistribution depends on source terms.
jclp_guide_webfetch_20260924,https://www.sciencedirect.com/journal/journal-of-cleaner-production/publish/guide-for-authors,https://www.sciencedirect.com/journal/journal-of-cleaner-production/publish/guide-for-authors,2026-09-24T13:11:08+00:00,2026-09-24,200,text/plain,data/raw/jclp_sources/snapshots/2026-09-24/jclp_guide_webfetch_20260924.txt,10143,56f87b406cb5102efd1b14a3f4c845abf2880fd2a3f157d39e80117a68e09daa,"Normalized text returned by authenticated web fetch; response truncated after the authorship-policy section.","Locally persisted verification snapshot; redistribution depends on source terms."
elsevier_policy_webfetch_20260924,"https://www.elsevier.com/about/policies-and-standards/generative-ai-policies-for-journals | https://www.elsevier.com/researcher/author/tools-and-resources/research-data/data-guidelines","https://www.elsevier.com/about/policies-and-standards/generative-ai-policies-for-journals | https://www.elsevier.com/researcher/author/tools-and-resources/research-data/data-guidelines",2026-09-24T13:11:08+00:00,2026-09-24,200,text/plain,data/raw/jclp_sources/snapshots/2026-09-24/elsevier_policy_webfetch_20260924.txt,24925,2bb125f37b240973b009ab9732b513ee97320ae57184ba5a4929fd8856e221a0,"Normalized text returned by authenticated web fetch of official Elsevier policy pages.","Locally persisted verification snapshot; redistribution depends on source terms."
crossref_10.1016/j.jclepro.2011.07.012,https://api.crossref.org/works/10.1016/j.jclepro.2011.07.012,https://api.crossref.org/works/10.1016/j.jclepro.2011.07.012,2026-09-24T07:02:09+00:00,2026-09-24,200,application/json,data/raw/literature_crossref/2026-09-24/crossref_10_1016_j_jclepro_2011_07_012.012,18514,a4a9dd1ab5972bd635d10aaa4d3534f217d88f45ff3ae6fde15d3493e37be477,,Persisted public source snapshot; redistribution depends on source terms.
crossref_10.1016/j.jclepro.2016.12.048,https://api.crossref.org/works/10.1016/j.jclepro.2016.12.048,https://api.crossref.org/works/10.1016/j.jclepro.2016.12.048,2026-09-24T07:02:09+00:00,2026-09-24,200,application/json,data/raw/literature_crossref/2026-09-24/crossref_10_1016_j_jclepro_2016_12_048.048,26375,a36a44ffb7d464c1b4037d36aa9e0bd65301b5aba4cc7adce0c1ca7d9f7a4ecd,,Persisted public source snapshot; redistribution depends on source terms.
crossref_10.1016/j.jclepro.2015.06.066,https://api.crossref.org/works/10.1016/j.jclepro.2015.06.066,https://api.crossref.org/works/10.1016/j.jclepro.2015.06.066,2026-09-24T07:02:10+00:00,2026-09-24,200,application/json,data/raw/literature_crossref/2026-09-24/crossref_10_1016_j_jclepro_2015_06_066.066,25707,63eff3cd0f5b8ada28037b25d5eba911f2f5cbc657ef0143040c49025c29c4ab,,Persisted public source snapshot; redistribution depends on source terms.
crossref_10.1016/j.jclepro.2015.01.012,https://api.crossref.org/works/10.1016/j.jclepro.2015.01.012,https://api.crossref.org/works/10.1016/j.jclepro.2015.01.012,2026-09-24T07:02:10+00:00,2026-09-24,200,application/json,data/raw/literature_crossref/2026-09-24/crossref_10_1016_j_jclepro_2015_01_012.012,31872,0c0eccb9201f797ebcef0b557abf33e715e26738a956d7a5044d764a86ba270a,,Persisted public source snapshot; redistribution depends on source terms.
crossref_10.1016/j.jclepro.2015.02.061,https://api.crossref.org/works/10.1016/j.jclepro.2015.02.061,https://api.crossref.org/works/10.1016/j.jclepro.2015.02.061,2026-09-24T07:02:10+00:00,2026-09-24,200,application/json,data/raw/literature_crossref/2026-09-24/crossref_10_1016_j_jclepro_2015_02_061.061,35876,5a040173bb1fe55e283c3150532064ef36edcbb0c2a76c74a4b3cfcf9d496c80,,Persisted public source snapshot; redistribution depends on source terms.
crossref_10.1016/j.jclepro.2014.07.058,https://api.crossref.org/works/10.1016/j.jclepro.2014.07.058,https://api.crossref.org/works/10.1016/j.jclepro.2014.07.058,2026-09-24T07:02:10+00:00,2026-09-24,200,application/json,data/raw/literature_crossref/2026-09-24/crossref_10_1016_j_jclepro_2014_07_058.058,31725,0eded0ca3aa80cbf31fb5ed6a20948ce14b72d0d1fd0d82c3c6959f508cf4e8f,,Persisted public source snapshot; redistribution depends on source terms.
crossref_10.1016/j.jclepro.2017.05.198,https://api.crossref.org/works/10.1016/j.jclepro.2017.05.198,https://api.crossref.org/works/10.1016/j.jclepro.2017.05.198,2026-09-24T07:02:11+00:00,2026-09-24,200,application/json,data/raw/literature_crossref/2026-09-24/crossref_10_1016_j_jclepro_2017_05_198.198,31512,75e86765232a08172b98104a472ea19343d2bdec55e46fb5d845ee6624017dee,,Persisted public source snapshot; redistribution depends on source terms.
crossref_10.1016/j.jclepro.2013.06.040,https://api.crossref.org/works/10.1016/j.jclepro.2013.06.040,https://api.crossref.org/works/10.1016/j.jclepro.2013.06.040,2026-09-24T07:02:11+00:00,2026-09-24,200,application/json,data/raw/literature_crossref/2026-09-24/crossref_10_1016_j_jclepro_2013_06_040.040,21971,64728991e994921ddf43739fed6215d64cca78156cef1a906cd7572187180170,,Persisted public source snapshot; redistribution depends on source terms.
crossref_10.1016/j.jclepro.2017.04.049,https://api.crossref.org/works/10.1016/j.jclepro.2017.04.049,https://api.crossref.org/works/10.1016/j.jclepro.2017.04.049,2026-09-24T07:02:11+00:00,2026-09-24,200,application/json,data/raw/literature_crossref/2026-09-24/crossref_10_1016_j_jclepro_2017_04_049.049,28178,d5ccd2b5b51acf825fb10cf3b2b9b6ff35b8dc84c7044668dcce45e4df39361e,,Persisted public source snapshot; redistribution depends on source terms.
crossref_10.1016/j.jclepro.2022.131136,https://api.crossref.org/works/10.1016/j.jclepro.2022.131136,https://api.crossref.org/works/10.1016/j.jclepro.2022.131136,2026-09-24T07:02:11+00:00,2026-09-24,200,application/json,data/raw/literature_crossref/2026-09-24/crossref_10_1016_j_jclepro_2022_131136.131136,35250,b1cac44865bc6efdd16c88ca2491434cf955526eec0ac89141e7ba42b12b669e,,Persisted public source snapshot; redistribution depends on source terms.
crossref_10.1016/j.jclepro.2022.133133,https://api.crossref.org/works/10.1016/j.jclepro.2022.133133,https://api.crossref.org/works/10.1016/j.jclepro.2022.133133,2026-09-24T07:02:12+00:00,2026-09-24,200,application/json,data/raw/literature_crossref/2026-09-24/crossref_10_1016_j_jclepro_2022_133133.133133,25437,9708b43feb23fa71de5c8f35bb1a89d499b082154f9cb98e722185e6c78710a4,,Persisted public source snapshot; redistribution depends on source terms.
crossref_10.1016/j.jclepro.2024.141063,https://api.crossref.org/works/10.1016/j.jclepro.2024.141063,https://api.crossref.org/works/10.1016/j.jclepro.2024.141063,2026-09-24T07:02:12+00:00,2026-09-24,200,application/json,data/raw/literature_crossref/2026-09-24/crossref_10_1016_j_jclepro_2024_141063.141063,37155,034c964237df48e9ca3f7b6e6ae63131592731d464bb2f472cc6ffa229fc401a,,Persisted public source snapshot; redistribution depends on source terms.
crossref_10.1016/j.jclepro.2024.142260,https://api.crossref.org/works/10.1016/j.jclepro.2024.142260,https://api.crossref.org/works/10.1016/j.jclepro.2024.142260,2026-09-24T07:02:12+00:00,2026-09-24,200,application/json,data/raw/literature_crossref/2026-09-24/crossref_10_1016_j_jclepro_2024_142260.142260,29705,f54e61f4db11215118b1857c93150a8b5bc9e227c25edfd25e4d4d310162fae9,,Persisted public source snapshot; redistribution depends on source terms.
crossref_10.1016/j.jclepro.2023.136716,https://api.crossref.org/works/10.1016/j.jclepro.2023.136716,https://api.crossref.org/works/10.1016/j.jclepro.2023.136716,2026-09-24T07:02:12+00:00,2026-09-24,200,application/json,data/raw/literature_crossref/2026-09-24/crossref_10_1016_j_jclepro_2023_136716.136716,14736,54276b730ce3dc2411979a2b5b48467853df3a0227edddef1509c208b9f92678,,Persisted public source snapshot; redistribution depends on source terms.
crossref_10.1016/j.jclepro.2021.128234,https://api.crossref.org/works/10.1016/j.jclepro.2021.128234,https://api.crossref.org/works/10.1016/j.jclepro.2021.128234,2026-09-24T07:02:13+00:00,2026-09-24,200,application/json,data/raw/literature_crossref/2026-09-24/crossref_10_1016_j_jclepro_2021_128234.128234,39598,bae2bc514c61d1d4058d72f8873db51e6134acbf8e07a9d142973486aead6a8b,,Persisted public source snapshot; redistribution depends on source terms.
crossref_10.1016/j.jclepro.2010.08.006,https://api.crossref.org/works/10.1016/j.jclepro.2010.08.006,https://api.crossref.org/works/10.1016/j.jclepro.2010.08.006,2026-09-24T07:02:13+00:00,2026-09-24,200,application/json,data/raw/literature_crossref/2026-09-24/crossref_10_1016_j_jclepro_2010_08_006.006,15482,21bc15597fdcba45ce4fcbde2348bc61b08daef876db50465a8a8f82d4ae5782,,Persisted public source snapshot; redistribution depends on source terms.
crossref_10.1016/j.jclepro.2010.12.003,https://api.crossref.org/works/10.1016/j.jclepro.2010.12.003,https://api.crossref.org/works/10.1016/j.jclepro.2010.12.003,2026-09-24T07:02:13+00:00,2026-09-24,200,application/json,data/raw/literature_crossref/2026-09-24/crossref_10_1016_j_jclepro_2010_12_003.003,8445,25b246852bed0d31b7ba232c40d54a103763872bcbacda957c7e8137c178ea8d,,Persisted public source snapshot; redistribution depends on source terms.
crossref_10.1016/j.resconrec.2010.11.002,https://api.crossref.org/works/10.1016/j.resconrec.2010.11.002,https://api.crossref.org/works/10.1016/j.resconrec.2010.11.002,2026-09-24T07:02:13+00:00,2026-09-24,200,application/json,data/raw/literature_crossref/2026-09-24/crossref_10_1016_j_resconrec_2010_11_002.002,37193,e8d67d59e8b5fa0fd8324eda613581a18ba87f8a48c821fcc5b71f35e70c76c5,,Persisted public source snapshot; redistribution depends on source terms.
crossref_10.1016/j.resconrec.2011.09.018,https://api.crossref.org/works/10.1016/j.resconrec.2011.09.018,https://api.crossref.org/works/10.1016/j.resconrec.2011.09.018,2026-09-24T07:02:14+00:00,2026-09-24,200,application/json,data/raw/literature_crossref/2026-09-24/crossref_10_1016_j_resconrec_2011_09_018.018,10924,7720132ee5def7e55fd20b0c2f03c5c3a79f82dacbd1ac913d1d7f3e1b06e90e,,Persisted public source snapshot; redistribution depends on source terms.
crossref_10.1016/j.resconrec.2011.05.021,https://api.crossref.org/works/10.1016/j.resconrec.2011.05.021,https://api.crossref.org/works/10.1016/j.resconrec.2011.05.021,2026-09-24T07:02:14+00:00,2026-09-24,200,application/json,data/raw/literature_crossref/2026-09-24/crossref_10_1016_j_resconrec_2011_05_021.021,8790,626fcd91e73369ddbb11bd554541d65378ee613895cc30f5a648d8adaee205e6,,Persisted public source snapshot; redistribution depends on source terms.
crossref_10.1016/j.resconrec.2023.107331,https://api.crossref.org/works/10.1016/j.resconrec.2023.107331,https://api.crossref.org/works/10.1016/j.resconrec.2023.107331,2026-09-24T07:02:14+00:00,2026-09-24,200,application/json,data/raw/literature_crossref/2026-09-24/crossref_10_1016_j_resconrec_2023_107331.107331,41382,123847359cc2368442050e453b7da976f2ec54c13daed2fc941e2b3d77d03b8d,,Persisted public source snapshot; redistribution depends on source terms.
crossref_10.1007/s11367-019-01608-8,https://api.crossref.org/works/10.1007/s11367-019-01608-8,https://api.crossref.org/works/10.1007/s11367-019-01608-8,2026-09-24T07:02:14+00:00,2026-09-24,200,application/json,data/raw/literature_crossref/2026-09-24/crossref_10_1007_s11367_019_01608_8.json,27133,53d18983971a526a3b31ea582d5a5d725d98a388dd0dc7cd5ea208955d3e4ccf,,Persisted public source snapshot; redistribution depends on source terms.
crossref_10.1007/s11367-020-01786-w,https://api.crossref.org/works/10.1007/s11367-020-01786-w,https://api.crossref.org/works/10.1007/s11367-020-01786-w,2026-09-24T07:02:15+00:00,2026-09-24,200,application/json,data/raw/literature_crossref/2026-09-24/crossref_10_1007_s11367_020_01786_w.json,26690,f40262b3e948347a8c77c9a22dc9a9e6ee16dabc09cff6f99d178d929e2158dc,,Persisted public source snapshot; redistribution depends on source terms.
crossref_10.1016/j.ecolecon.2019.106544,https://api.crossref.org/works/10.1016/j.ecolecon.2019.106544,https://api.crossref.org/works/10.1016/j.ecolecon.2019.106544,2026-09-24T07:02:15+00:00,2026-09-24,200,application/json,data/raw/literature_crossref/2026-09-24/crossref_10_1016_j_ecolecon_2019_106544.106544,13277,66deaae79d97d6368e9090759bf300c3f4ec9bd56d812fdda5611fc481d9bee3,,Persisted public source snapshot; redistribution depends on source terms.
crossref_10.1016/j.procir.2018.03.131,https://api.crossref.org/works/10.1016/j.procir.2018.03.131,https://api.crossref.org/works/10.1016/j.procir.2018.03.131,2026-09-24T07:02:15+00:00,2026-09-24,200,application/json,data/raw/literature_crossref/2026-09-24/crossref_10_1016_j_procir_2018_03_131.131,14151,9438f3f80a59ae8f4482996523ea4606ea1dd2fbeefa4f0031c6be34bd869511,,Persisted public source snapshot; redistribution depends on source terms.
crossref_10.1111/jiec.12756,https://api.crossref.org/works/10.1111/jiec.12756,https://api.crossref.org/works/10.1111/jiec.12756,2026-09-24T07:02:15+00:00,2026-09-24,200,application/json,data/raw/literature_crossref/2026-09-24/crossref_10_1111_jiec_12756.12756,15319,5a53379749f3743d775a11f41ff643b2cb8ebab9de2387461f81e15af8245fd3,,Persisted public source snapshot; redistribution depends on source terms.
crossref_10.1162/1088198043630432,https://api.crossref.org/works/10.1162/1088198043630432,https://api.crossref.org/works/10.1162/1088198043630432,2026-09-24T07:02:16+00:00,2026-09-24,200,application/json,data/raw/literature_crossref/2026-09-24/crossref_10_1162_1088198043630432.json,11294,d59568ca23891d5d5e1b8c664901c0e59c94e630a3fec37d4f009975a110b61a,,Persisted public source snapshot; redistribution depends on source terms.
crossref_10.1162/jiec.1998.2.3.15,https://api.crossref.org/works/10.1162/jiec.1998.2.3.15,https://api.crossref.org/works/10.1162/jiec.1998.2.3.15,2026-09-24T07:02:16+00:00,2026-09-24,200,application/json,data/raw/literature_crossref/2026-09-24/crossref_10_1162_jiec_1998_2_3_15.15,23262,cfa9190baf67f4d96d04033490b7ed13434f0af0e2c16c9698c455629b44002d,,Persisted public source snapshot; redistribution depends on source terms.
crossref_10.3390/resources3030544,https://api.crossref.org/works/10.3390/resources3030544,https://api.crossref.org/works/10.3390/resources3030544,2026-09-24T07:02:16+00:00,2026-09-24,200,application/json,data/raw/literature_crossref/2026-09-24/crossref_10_3390_resources3030544.json,49546,96c78a4b5ab8a074a0ccaaaf1e69b3da419e3c0c887e8b294a8b8b5291fc1004,,Persisted public source snapshot; redistribution depends on source terms.
crossref_10.1109/ecodim.1999.747582,https://api.crossref.org/works/10.1109/ecodim.1999.747582,https://api.crossref.org/works/10.1109/ecodim.1999.747582,2026-09-24T07:02:16+00:00,2026-09-24,200,application/json,data/raw/literature_crossref/2026-09-24/crossref_10_1109_ecodim_1999_747582.747582,3482,99c1a5e1469d30a3485c597bb4d1840722c7769112a07d99bb7f3454f9f96033,,Persisted public source snapshot; redistribution depends on source terms.
crossref_10.1016/j.destud.2016.09.002,https://api.crossref.org/works/10.1016/j.destud.2016.09.002,https://api.crossref.org/works/10.1016/j.destud.2016.09.002,2026-09-24T07:02:17+00:00,2026-09-24,200,application/json,data/raw/literature_crossref/2026-09-24/crossref_10_1016_j_destud_2016_09_002.002,69616,eee0e71bc40af5ff01a9ef95b750664f85c82f69c90c0fa2ef72feeb421dcc95,,Persisted public source snapshot; redistribution depends on source terms.
crossref_10.1080/21681015.2016.1172124,https://api.crossref.org/works/10.1080/21681015.2016.1172124,https://api.crossref.org/works/10.1080/21681015.2016.1172124,2026-09-24T07:02:17+00:00,2026-09-24,200,application/json,data/raw/literature_crossref/2026-09-24/crossref_10_1080_21681015_2016_1172124.1172124,8377,fc3b72c327614178d67ad896bf6ee1d6fb78f925ef0dae635ef5ff30bee6632b,,Persisted public source snapshot; redistribution depends on source terms.
crossref_10.3390/su13031036,https://api.crossref.org/works/10.3390/su13031036,https://api.crossref.org/works/10.3390/su13031036,2026-09-24T07:02:17+00:00,2026-09-24,200,application/json,data/raw/literature_crossref/2026-09-24/crossref_10_3390_su13031036.json,21110,b253ec29d26e80f629eeb51916a89abe361a5d2a06e0c52dc63ef98ebd87e7c6,,Persisted public source snapshot; redistribution depends on source terms.
crossref_10.3390/su12124953,https://api.crossref.org/works/10.3390/su12124953,https://api.crossref.org/works/10.3390/su12124953,2026-09-24T07:02:17+00:00,2026-09-24,200,application/json,data/raw/literature_crossref/2026-09-24/crossref_10_3390_su12124953.json,25535,4922afed82ad61047b0d7b0b8d32e89b65b1c7f0783cad0df560b78c69e492cd,,Persisted public source snapshot; redistribution depends on source terms.
crossref_10.1016/j.eist.2015.07.010,https://api.crossref.org/works/10.1016/j.eist.2015.07.010,https://api.crossref.org/works/10.1016/j.eist.2015.07.010,2026-09-24T07:02:18+00:00,2026-09-24,200,application/json,data/raw/literature_crossref/2026-09-24/crossref_10_1016_j_eist_2015_07_010.010,12844,476a4296de10d1aff1c22998d8659984d870cdaf99ae7119680e8b1ce0174627,,Persisted public source snapshot; redistribution depends on source terms.
crossref_10.3389/fenrg.2018.00039,https://api.crossref.org/works/10.3389/fenrg.2018.00039,https://api.crossref.org/works/10.3389/fenrg.2018.00039,2026-09-24T07:02:18+00:00,2026-09-24,200,application/json,data/raw/literature_crossref/2026-09-24/crossref_10_3389_fenrg_2018_00039.00039,19125,e4b5d86e7e472ab358be4a465c88a42f734e75ed13a07465bc9c6197539813bf,,Persisted public source snapshot; redistribution depends on source terms.
crossref_10.1007/s11367-014-0802-6,https://api.crossref.org/works/10.1007/s11367-014-0802-6,https://api.crossref.org/works/10.1007/s11367-014-0802-6,2026-09-24T07:02:18+00:00,2026-09-24,200,application/json,data/raw/literature_crossref/2026-09-24/crossref_10_1007_s11367_014_0802_6.json,26266,7e73dfc39de50f64977c6ed3265e164ce3cbe2c76ee96bce8d966e9b433828d4,,Persisted public source snapshot; redistribution depends on source terms.
crossref_10.1016/j.erss.2020.101439,https://api.crossref.org/works/10.1016/j.erss.2020.101439,https://api.crossref.org/works/10.1016/j.erss.2020.101439,2026-09-24T07:02:18+00:00,2026-09-24,200,application/json,data/raw/literature_crossref/2026-09-24/crossref_10_1016_j_erss_2020_101439.101439,50606,4119eb897fe0dcb657ff79a399def895e956723b51710c011a3c70702f0b5c97,,Persisted public source snapshot; redistribution depends on source terms.
crossref_10.1016/j.procir.2022.05.278,https://api.crossref.org/works/10.1016/j.procir.2022.05.278,https://api.crossref.org/works/10.1016/j.procir.2022.05.278,2026-09-24T07:02:19+00:00,2026-09-24,200,application/json,data/raw/literature_crossref/2026-09-24/crossref_10_1016_j_procir_2022_05_278.278,7370,f1d855b38e30279cd25a6d5f44c86c657ead2106223dc04ed52ff1bb26aa425f,,Persisted public source snapshot; redistribution depends on source terms.
crossref_10.3390/app15158289,https://api.crossref.org/works/10.3390/app15158289,https://api.crossref.org/works/10.3390/app15158289,2026-09-24T07:02:19+00:00,2026-09-24,200,application/json,data/raw/literature_crossref/2026-09-24/crossref_10_3390_app15158289.json,30675,1e315e28e791b2dfc4aa40e57a829e8b50d2a3690b0d97464a0ebc07e1813816,,Persisted public source snapshot; redistribution depends on source terms.
crossref_10.1088/1755-1315/463/1/012164,https://api.crossref.org/works/10.1088/1755-1315/463/1/012164,https://api.crossref.org/works/10.1088/1755-1315/463/1/012164,2026-09-24T07:02:19+00:00,2026-09-24,200,application/json,data/raw/literature_crossref/2026-09-24/crossref_10_1088_1755_1315_463_1_012164.json,7691,98683dce706c24e2b04ea0e67b10eecaa220917037ded83a09fbf5cb12729b7e,,Persisted public source snapshot; redistribution depends on source terms.
crossref_10.1016/j.scitotenv.2022.153016,https://api.crossref.org/works/10.1016/j.scitotenv.2022.153016,https://api.crossref.org/works/10.1016/j.scitotenv.2022.153016,2026-09-24T07:02:19+00:00,2026-09-24,200,application/json,data/raw/literature_crossref/2026-09-24/crossref_10_1016_j_scitotenv_2022_153016.153016,17125,34432b0e7a3b2436fa4e2b77d5c866c79d5ba0670b0bb9bea5620d7a0a5533b5,,Persisted public source snapshot; redistribution depends on source terms.
crossref_10.3390/pr9061007,https://api.crossref.org/works/10.3390/pr9061007,https://api.crossref.org/works/10.3390/pr9061007,2026-09-24T07:02:20+00:00,2026-09-24,200,application/json,data/raw/literature_crossref/2026-09-24/crossref_10_3390_pr9061007.json,14201,d772a372a89a8e370e520f30d72125558ddfde9b3c77290d6acf7d5744029346,,Persisted public source snapshot; redistribution depends on source terms.
crossref_10.22459/aurj.05.2013.19,https://api.crossref.org/works/10.22459/aurj.05.2013.19,https://api.crossref.org/works/10.22459/aurj.05.2013.19,2026-09-24T07:02:20+00:00,2026-09-24,200,application/json,data/raw/literature_crossref/2026-09-24/crossref_10_22459_aurj_05_2013_19.19,1644,2973f2f192017d4f1a00b270fab0326555a9584e93b86f8dab0373fbcb06b0d9,,Persisted public source snapshot; redistribution depends on source terms.
crossref_10.1016/j.jclepro.2014.08.088,https://api.crossref.org/works/10.1016/j.jclepro.2014.08.088,https://api.crossref.org/works/10.1016/j.jclepro.2014.08.088,2026-09-24T07:02:20+00:00,2026-09-24,200,application/json,data/raw/literature_crossref/2026-09-24/crossref_10_1016_j_jclepro_2014_08_088.088,10314,6111d98c20bb05d8602eaf1b8f2643fe0649432b931955fe671f47a3cade26c4,,Persisted public source snapshot; redistribution depends on source terms.
crossref_10.1016/j.jclepro.2020.123452,https://api.crossref.org/works/10.1016/j.jclepro.2020.123452,https://api.crossref.org/works/10.1016/j.jclepro.2020.123452,2026-09-24T07:02:20+00:00,2026-09-24,200,application/json,data/raw/literature_crossref/2026-09-24/crossref_10_1016_j_jclepro_2020_123452.123452,17905,ff3c3231da692d13a64bc816ddb3148d1e667f71721fb5ad88357ebc750e084f,,Persisted public source snapshot; redistribution depends on source terms.
crossref_10.3390/su12229738,https://api.crossref.org/works/10.3390/su12229738,https://api.crossref.org/works/10.3390/su12229738,2026-09-24T07:02:20+00:00,2026-09-24,200,application/json,data/raw/literature_crossref/2026-09-24/crossref_10_3390_su12229738.json,19728,363df6d240bc4843ba2cc0b11e65115b9bca813c1037fd754b6bba072afa5bf6,,Persisted public source snapshot; redistribution depends on source terms.
crossref_10.1017/pds.2024.121,https://api.crossref.org/works/10.1017/pds.2024.121,https://api.crossref.org/works/10.1017/pds.2024.121,2026-09-24T07:02:21+00:00,2026-09-24,200,application/json,data/raw/literature_crossref/2026-09-24/crossref_10_1017_pds_2024_121.121,3001,ef6061dc7afd5cf4779a140fc37e11dbb63f9466e1d09cdeb51f3839ea4a4444,,Persisted public source snapshot; redistribution depends on source terms.
crossref_10.1017/pds.2024.152,https://api.crossref.org/works/10.1017/pds.2024.152,https://api.crossref.org/works/10.1017/pds.2024.152,2026-09-24T07:02:21+00:00,2026-09-24,200,application/json,data/raw/literature_crossref/2026-09-24/crossref_10_1017_pds_2024_152.152,2855,7f2127848bdd748b8be4bc55ae966b4fea71a2557e4a6ed402e07e7f20451359,,Persisted public source snapshot; redistribution depends on source terms.
crossref_10.1016/j.jclepro.2025.146188,https://api.crossref.org/works/10.1016/j.jclepro.2025.146188,https://api.crossref.org/works/10.1016/j.jclepro.2025.146188,2026-09-24T07:02:21+00:00,2026-09-24,200,application/json,data/raw/literature_crossref/2026-09-24/crossref_10_1016_j_jclepro_2025_146188.146188,61504,2c8983907abdd743f36ef0a4272d1e512ceb6316d8c71f52c4c429697b585e4a,,Persisted public source snapshot; redistribution depends on source terms.
crossref_10.1016/j.jclepro.2020.123070,https://api.crossref.org/works/10.1016/j.jclepro.2020.123070,https://api.crossref.org/works/10.1016/j.jclepro.2020.123070,2026-09-24T07:02:21+00:00,2026-09-24,200,application/json,data/raw/literature_crossref/2026-09-24/crossref_10_1016_j_jclepro_2020_123070.123070,23403,018d42e24714da743034bec6f17f12edc6e67a7689ce6377f0dadc1a47fdea0d,,Persisted public source snapshot; redistribution depends on source terms.
crossref_10.1016/j.jclepro.2020.124314,https://api.crossref.org/works/10.1016/j.jclepro.2020.124314,https://api.crossref.org/works/10.1016/j.jclepro.2020.124314,2026-09-24T07:02:22+00:00,2026-09-24,200,application/json,data/raw/literature_crossref/2026-09-24/crossref_10_1016_j_jclepro_2020_124314.124314,39381,0bb14e7727e471c4d52faee93dc885bd514c940a3831e44987d82ddb071af162,,Persisted public source snapshot; redistribution depends on source terms.
crossref_10.1098/rsta.2023.0245,https://api.crossref.org/works/10.1098/rsta.2023.0245,https://api.crossref.org/works/10.1098/rsta.2023.0245,2026-09-24T07:02:22+00:00,2026-09-24,200,application/json,data/raw/literature_crossref/2026-09-24/crossref_10_1098_rsta_2023_0245.0245,15544,a5e9c7be3af70c7e896213bf527a44d8b840a37f27309efbadb9b4df6f13e273,,Persisted public source snapshot; redistribution depends on source terms.
crossref_10.1002/pts.927,https://api.crossref.org/works/10.1002/pts.927,https://api.crossref.org/works/10.1002/pts.927,2026-09-24T07:02:22+00:00,2026-09-24,200,application/json,data/raw/literature_crossref/2026-09-24/crossref_10_1002_pts_927.927,8293,66824797a518f70a5bd93780814147b31c87ab9662245c624d7389f9d2e88551,,Persisted public source snapshot; redistribution depends on source terms.
crossref_10.3390/su12051870,https://api.crossref.org/works/10.3390/su12051870,https://api.crossref.org/works/10.3390/su12051870,2026-09-24T07:02:22+00:00,2026-09-24,200,application/json,data/raw/literature_crossref/2026-09-24/crossref_10_3390_su12051870.json,22699,c1005f7e0f15823df0825c234e37236bae15cac744d35eed2eaa7465a7682624,,Persisted public source snapshot; redistribution depends on source terms.
crossref_10.3390/resources2040581,https://api.crossref.org/works/10.3390/resources2040581,https://api.crossref.org/works/10.3390/resources2040581,2026-09-24T07:02:23+00:00,2026-09-24,200,application/json,data/raw/literature_crossref/2026-09-24/crossref_10_3390_resources2040581.json,15411,8d41012f07dc73fd2b231be140aaa1a4eb252d00c406e2aa5a4d1803340c829e,,Persisted public source snapshot; redistribution depends on source terms.
crossref_10.3390/su11195465,https://api.crossref.org/works/10.3390/su11195465,https://api.crossref.org/works/10.3390/su11195465,2026-09-24T07:02:23+00:00,2026-09-24,200,application/json,data/raw/literature_crossref/2026-09-24/crossref_10_3390_su11195465.json,14210,712cb1337ef2a282ac2ac27239514644e19c76c1436fdcf921eb125342df84d1,,Persisted public source snapshot; redistribution depends on source terms.
crossref_10.1016/j.jclepro.2024.144518,https://api.crossref.org/works/10.1016/j.jclepro.2024.144518,https://api.crossref.org/works/10.1016/j.jclepro.2024.144518,2026-09-24T07:02:23+00:00,2026-09-24,200,application/json,data/raw/literature_crossref/2026-09-24/crossref_10_1016_j_jclepro_2024_144518.144518,12469,a18115ea50a96ddd3901cc1af5275075fee8ab014ac53c382615c7270489da15,,Persisted public source snapshot; redistribution depends on source terms.
crossref_10.1016/j.resconrec.2018.09.015,https://api.crossref.org/works/10.1016/j.resconrec.2018.09.015,https://api.crossref.org/works/10.1016/j.resconrec.2018.09.015,2026-09-24T07:02:23+00:00,2026-09-24,200,application/json,data/raw/literature_crossref/2026-09-24/crossref_10_1016_j_resconrec_2018_09_015.015,13696,0eef47c2c107576cd3e291f7ac82136a4033431fa966d9db23c277f5fc6c9f55,,Persisted public source snapshot; redistribution depends on source terms.
crossref_10.1016/j.jclepro.2013.11.039,https://api.crossref.org/works/10.1016/j.jclepro.2013.11.039,https://api.crossref.org/works/10.1016/j.jclepro.2013.11.039,2026-09-24T07:02:24+00:00,2026-09-24,200,application/json,data/raw/literature_crossref/2026-09-24/crossref_10_1016_j_jclepro_2013_11_039.039,28223,a76f2d3244061b5ad347a19520db83c9bc4132da04995572c9db7580aa31d072,,Persisted public source snapshot; redistribution depends on source terms.
crossref_10.1098/rsta.2012.0496,https://api.crossref.org/works/10.1098/rsta.2012.0496,https://api.crossref.org/works/10.1098/rsta.2012.0496,2026-09-24T07:02:24+00:00,2026-09-24,200,application/json,data/raw/literature_crossref/2026-09-24/crossref_10_1098_rsta_2012_0496.0496,11009,35927181092ce6628983b99dcb73e5aaf95f377f969e1422eda49282774cd2bb,,Persisted public source snapshot; redistribution depends on source terms.
crossref_10.1136/bmj.n71,https://api.crossref.org/works/10.1136/bmj.n71,https://api.crossref.org/works/10.1136/bmj.n71,2026-09-24T07:02:24+00:00,2026-09-24,200,application/json,data/raw/literature_crossref/2026-09-24/crossref_10_1136_bmj_n71.n71,14485,485e80ea465154bdf1b8acd95334bde7be820a8abdf37daad0dac61c1ee0c400,,Persisted public source snapshot; redistribution depends on source terms.
crossref_10.1016/0029-554x(67)91367-5,https://api.crossref.org/works/10.1016/0029-554x(67)91367-5,https://api.crossref.org/works/10.1016/0029-554x(67)91367-5,2026-09-24T07:02:24+00:00,2026-09-24,200,application/json,data/raw/literature_crossref/2026-09-24/crossref_10_1016_0029_554x_67_91367_5.json,3603,45d29919a3902e0e62b4de543dbd23e3a51d69ce1bb9551e4be58da7340e0590,,Persisted public source snapshot; redistribution depends on source terms.
S01,https://www.tetrapak.com/content/dam/tetrapak/publicweb/gb/en/sustainability/documents/LCA-paper-plastic-straws.pdf,https://www.tetrapak.com/content/dam/tetrapak/publicweb/gb/en/sustainability/documents/LCA-paper-plastic-straws.pdf,2026-09-24T07:02:24+00:00,2026-09-24,200,application/pdf,data/raw/straw_sources/S01.pdf,1538607,d551876bddbd941c3e088f3685a447135341030d35ab2783c765d36f43fef6b7,,Persisted public source snapshot; redistribution depends on source terms.
S02,https://www.iso.org/standard/61726.html,https://www.iso.org/standard/61726.html,2026-09-24T07:02:26+00:00,2026-09-24,FAILED,,data/raw/straw_sources/S02.html,0,e3b0c44298fc1c149afbf4c8996fb92427ae41e4649b934ca495991b7852b855,HTTP Error 403: Forbidden,Persisted public source snapshot; redistribution depends on source terms.
S03,https://doi.org/10.15376/biores.14.4.8345-8363,https://bioresources.cnr.ncsu.edu/resources/evaluation-of-paper-straws-versus-plastic-straws-development-of-a-methodology-for-testing-and-understanding-challenges-for-paper-straws/,2026-09-24T07:02:26+00:00,2026-09-24,200,text/html; charset=UTF-8,data/raw/straw_sources/S03.html,866053,ff36328a08ff55d2d34811f5836fb7b2fa81041ad580569143fef4e095216315,,Persisted public source snapshot; redistribution depends on source terms.
S04,https://assets.huhtamaki.com/datasheets/htp/en/PSRB.pdf,https://assets.huhtamaki.com/datasheets/htp/en/PSRB.pdf,2026-09-24T07:02:27+00:00,2026-09-24,200,application/pdf,data/raw/straw_sources/S04.pdf,245928,cdc1d808995b4dba6a1cb1099865f6cea1259a63d1acf21faab7c66453152e3e,,Persisted public source snapshot; redistribution depends on source terms.
S05,https://www.franz-mensch.de/en/downloadfile?file=%2Ffiles%2Fdocuments%2FTDB%2F421001%2F421001_TDB_EN.pdf,https://www.franz-mensch.de/en/downloadfile?file=%2Ffiles%2Fdocuments%2FTDB%2F421001%2F421001_TDB_EN.pdf,2026-09-24T07:02:28+00:00,2026-09-24,200,application/pdf,data/raw/straw_sources/S05.pdf,159292,afc21edd0709996777245019d031d35b9e143a335387e22de9502f0096e6ff38,,Persisted public source snapshot; redistribution depends on source terms.
S06,https://baron-egypt.com/files/data-sheet/200ml-Compi-block-Specification-U-straw.pdf,https://baron-egypt.com/files/data-sheet/200ml-Compi-block-Specification-U-straw.pdf,2026-09-24T07:02:31+00:00,2026-09-24,200,application/pdf,data/raw/straw_sources/S06.pdf,139093,1138ba9ef08c521d2d1034470f611243d34506abbfb64fde432d0b3ce4d187aa,,Persisted public source snapshot; redistribution depends on source terms.
S07,https://api.sig.biz/media/x53pngzw/sig-paper-straw-portfolio-en.pdf,https://api.sig.biz/media/x53pngzw/sig-paper-straw-portfolio-en.pdf,2026-09-24T07:02:33+00:00,2026-09-24,200,application/pdf,data/raw/straw_sources/S07.pdf,208598,936f998c66f59f59f2420d636213c29251853acaf6bd04a5d753f2ba176a49d2,,Persisted public source snapshot; redistribution depends on source terms.
S08,https://www.sig.biz/en/solutions/package-finder/sig-xslimbloc,https://www.sig.biz/en/solutions/package-finder/sig-xslimbloc,2026-09-24T07:02:33+00:00,2026-09-24,200,text/html; charset=utf-8,data/raw/straw_sources/S08.html,362568,85cbd456a1ab444918511e1cc1a40827906684dd771ce88b13fbc95fcca277ab,,Persisted public source snapshot; redistribution depends on source terms.
S09,https://doi.org/10.3390/pr9061007,https://doi.org/10.3390/pr9061007,2026-09-24T07:02:34+00:00,2026-09-24,FAILED,,data/raw/straw_sources/S09.html,0,e3b0c44298fc1c149afbf4c8996fb92427ae41e4649b934ca495991b7852b855,HTTP Error 403: Forbidden,Persisted public source snapshot; redistribution depends on source terms.
S10,https://doi.org/10.1016/j.jclepro.2020.123070,https://linkinghub.elsevier.com/retrieve/pii/S0959652620331152,2026-09-24T07:02:34+00:00,2026-09-24,200,text/html;charset=UTF-8,data/raw/straw_sources/S10.html,2676,1f08463b9b0a7c43a2a4e3ece65de05e0003610df020fae5d3d417be00f808e1,,Persisted public source snapshot; redistribution depends on source terms.
S11,https://doi.org/10.1007/s11367-020-01786-w,https://link.springer.com/10.1007/s11367-020-01786-w,2026-09-24T07:02:34+00:00,2026-09-24,200,text/html; charset=utf-8,data/raw/straw_sources/S11.html,3038,32ed63159c77e21ee19ca1b9aa3213ccf0218eb59539560b132a8e68ef0e18ea,,Persisted public source snapshot; redistribution depends on source terms.
S12,https://lifecycleinitiative.org/wp-content/uploads/2021/03/UNEP-D001-Tableware-Report_Lowres.pdf,https://lifecycleinitiative.org/wp-content/uploads/2021/03/UNEP-D001-Tableware-Report_Lowres.pdf,2026-09-24T07:02:35+00:00,2026-09-24,202,text/html,data/raw/straw_sources/S12.pdf,239,0a47975e65951995e22ae40116a004cb1ef4484d75a3e8bddafc410503fd0c12,,Persisted public source snapshot; redistribution depends on source terms.
S13,https://doi.org/10.1016/j.chemosphere.2021.130238,https://linkinghub.elsevier.com/retrieve/pii/S0045653521007074,2026-09-24T07:02:35+00:00,2026-09-24,200,text/html;charset=UTF-8,data/raw/straw_sources/S13.html,2739,a661d5448178815bd6c3757a1269efecb2ef4a80869b61ef2ab628e34274d702,,Persisted public source snapshot; redistribution depends on source terms.
S14,https://doi.org/10.1080/19440049.2023.2240908,https://doi.org/10.1080/19440049.2023.2240908,2026-09-24T07:02:35+00:00,2026-09-24,FAILED,,data/raw/straw_sources/S14.2240908,0,e3b0c44298fc1c149afbf4c8996fb92427ae41e4649b934ca495991b7852b855,HTTP Error 403: Forbidden,Persisted public source snapshot; redistribution depends on source terms.
S15,https://doi.org/10.1007/s11356-025-37075-y,https://link.springer.com/10.1007/s11356-025-37075-y,2026-09-24T07:02:35+00:00,2026-09-24,200,text/html; charset=utf-8,data/raw/straw_sources/S15.html,3038,32ed63159c77e21ee19ca1b9aa3213ccf0218eb59539560b132a8e68ef0e18ea,,Persisted public source snapshot; redistribution depends on source terms.
S16,https://foedevarestyrelsen.dk/kost-og-foedevarer/foedevaresikkerhed/emballage-og-udstyr/materialetyper/papir-og-pap,https://foedevarestyrelsen.dk/kost-og-foedevarer/foedevaresikkerhed/emballage-og-udstyr/materialetyper/papir-og-pap,2026-09-24T07:02:35+00:00,2026-09-24,200,text/html; charset=utf-8,data/raw/straw_sources/S16.html,85054,b3e84128f54924d95a09850de9ce995f672bc498d8bace1f4010b8df8ab5814d,,Persisted public source snapshot; redistribution depends on source terms.
S17,https://en.foedevarestyrelsen.dk/Media/638204383156890144/Danish%20Order%20No%20681%20of%2025%20May%202020%20on%20Food%20Contact%20Materials.pdf,https://en.foedevarestyrelsen.dk/Media/638204383156890144/Danish%20Order%20No%20681%20of%2025%20May%202020%20on%20Food%20Contact%20Materials.pdf,2026-09-24T07:02:37+00:00,2026-09-24,200,application/pdf,data/raw/straw_sources/S17.pdf,647739,a862271e76b5ed6548160261202b16bf0958b4f689a2fab49fabae91937f22b5,,Persisted public source snapshot; redistribution depends on source terms.
S18,https://eur-lex.europa.eu/eli/reg/2025/40,https://eur-lex.europa.eu/eli/reg/2025/40,2026-09-24T07:02:41+00:00,2026-09-24,202,text/html; charset=UTF-8,data/raw/straw_sources/S18.html,0,e3b0c44298fc1c149afbf4c8996fb92427ae41e4649b934ca495991b7852b855,,Persisted public source snapshot; redistribution depends on source terms.
S19,https://eur-lex.europa.eu/legal-content/EN/TXT/?uri=OJ%3AC_202603084,https://eur-lex.europa.eu/legal-content/EN/TXT/?uri=OJ%3AC_202603084,2026-09-24T07:02:41+00:00,2026-09-24,202,text/html; charset=UTF-8,data/raw/straw_sources/S19.html,0,e3b0c44298fc1c149afbf4c8996fb92427ae41e4649b934ca495991b7852b855,,Persisted public source snapshot; redistribution depends on source terms.
S20,https://www.fda.gov/food/process-contaminants-food/market-phase-out-grease-proofing-substances-containing-pfas,https://www.fda.gov/food/process-contaminants-food/market-phase-out-grease-proofing-substances-containing-pfas,2026-09-24T07:02:41+00:00,2026-09-24,FAILED,,data/raw/straw_sources/S20.html,0,e3b0c44298fc1c149afbf4c8996fb92427ae41e4649b934ca495991b7852b855,HTTP Error 401: Unauthorized,Persisted public source snapshot; redistribution depends on source terms.
S21,https://www.govinfo.gov/content/pkg/FR-2025-01-06/pdf/2024-31703.pdf,https://www.govinfo.gov/content/pkg/FR-2025-01-06/pdf/2024-31703.pdf,2026-09-24T07:02:41+00:00,2026-09-24,200,application/pdf,data/raw/straw_sources/S21.pdf,184670,78e7d332dab8244acc2a02c64c36d5277ce87bf367be5e4e7a128ab884cb4610,,Persisted public source snapshot; redistribution depends on source terms.
S22,https://eur-lex.europa.eu/eli/dir/2019/904/oj,https://eur-lex.europa.eu/eli/dir/2019/904/oj,2026-09-24T07:02:43+00:00,2026-09-24,202,text/html; charset=UTF-8,data/raw/straw_sources/S22.html,0,e3b0c44298fc1c149afbf4c8996fb92427ae41e4649b934ca495991b7852b855,,Persisted public source snapshot; redistribution depends on source terms.
jclp_elsevier_policy_webfetch_20260925,"https://www.sciencedirect.com/journal/journal-of-cleaner-production/publish/guide-for-authors | https://www.elsevier.com/about/policies-and-standards/generative-ai-policies-for-journals","https://www.sciencedirect.com/journal/journal-of-cleaner-production/publish/guide-for-authors | https://www.elsevier.com/about/policies-and-standards/generative-ai-policies-for-journals",2026-09-25T04:48:43Z,2026-09-25,200,text/plain,data/raw/jclp_sources/snapshots/2026-09-25/jclp_elsevier_policy_webfetch_20260925.txt,20311,d7c014eb7fcee59826b54c2afd622647d149071918263ab32b1081bbd5693453,"Normalized official-page text returned by authenticated web fetch; JCLP content was truncated after the authorship-policy section.","Final pre-submission policy verification snapshot; redistribution depends on source terms."
