source_id	url	source_type	redistribution_note
charmin_ultra_strong_regular	https://shop.charmin.com/ultra-strong-regular-roll/	manufacturer_html	Copyrighted product page; cite URL and extracted facts, do not redistribute snapshot
charmin_forever_roll	https://shop.charmin.com/forever-roll-starter-kit-holder-stand-included-2-roll/	manufacturer_html	Copyrighted product page; cite URL and extracted facts, do not redistribute snapshot
tork_us_1102910	https://www.torkglobal.com/us/en/product/toilet-paper/refills/mid-size-rolls/1102910	manufacturer_html	Copyrighted product page; cite URL and extracted facts, do not redistribute snapshot
tork_ie_101408	https://www.torkglobal.com/ie/en/product/toilet-paper/refills/conventional-toilet-paper/101408	manufacturer_html	Copyrighted product page; cite URL and extracted facts, do not redistribute snapshot
tork_au_2170329	https://www.torkglobal.com/au/en/product/toilet-paper/refills/conventional-rolls/2170329	manufacturer_html	Copyrighted product page; cite URL and extracted facts, do not redistribute snapshot
tork_gb_dispenser_557000	https://www.torkglobal.com/gb/en/product/toilet-paper/dispensers/conventional-roll-dispensers/557000	manufacturer_html	Copyrighted product page; cite URL and extracted facts, do not redistribute snapshot
kc_scott_13217	https://www.kcprofessional.com/en-us/products/restroom-and-hygiene/toilet-paper-and-seat-covers/standard-roll/core/scott%C2%AE-standard-roll-toilet-paper-(2-ply-srb)/13217	manufacturer_html	Copyrighted product page; cite URL and extracted facts, do not redistribute snapshot
tesco_luxury_297444884	https://www.tesco.com/groceries/en-GB/products/297444884	retailer_html	Copyrighted retailer record; cite URL and extracted facts, do not redistribute snapshot
elleair_single	https://www.elleair.jp/product/detail/toilet_toilet-tissue_single	manufacturer_html	Copyrighted product page; cite URL and extracted facts, do not redistribute snapshot
elleair_double	https://www.elleair.jp/product/detail/toilet_toilet-tissue_double	manufacturer_html	Copyrighted product page; cite URL and extracted facts, do not redistribute snapshot
nepia_width_change_release	https://www.nepia.co.jp/company/news_release/news20240326.pdf	manufacturer_pdf	Copyrighted manufacturer release; cite URL and extracted facts, do not redistribute snapshot
nepia_product_design_width	https://www.nepia.co.jp/pdf/sustainability/productdesign/products_b.pdf	manufacturer_pdf	Copyrighted sustainability evidence; cite URL and extracted facts, do not redistribute snapshot
katrin_169505	https://www.metsagroup.com/katrin/products/toilet-paper/toilet-paper-roll/169505-katrin-toilet-paper-roll-250-sheets-2-ply/	manufacturer_html	Copyrighted product page; cite URL and extracted facts, do not redistribute snapshot
katrin_104834	https://www.metsagroup.com/contentassets/c6bc3da19e63405682fe98dcbb8d174e/104834_katrin_en.pdf	manufacturer_pdf	Copyrighted technical sheet; cite URL and extracted facts, do not redistribute snapshot
quilton_standard	https://www.quilton.com.au/products/3-ply-toilet-paper	manufacturer_html	Copyrighted product page; cite URL and extracted facts, do not redistribute snapshot
quilton_kingsize	https://www.quilton.com.au/products/quilton-king-size	manufacturer_html	Copyrighted product page; cite URL and extracted facts, do not redistribute snapshot
quilton_double_length	https://www.quilton.com.au/products/double-length-toilet-tissue	manufacturer_html	Copyrighted product page; cite URL and extracted facts, do not redistribute snapshot
quilton_faq	https://www.quilton.com.au/pages/faqs	manufacturer_html	Copyrighted manufacturer FAQ; cite URL and extracted facts, do not redistribute snapshot
us_dla_aa59594a	https://www.dla.mil/Portals/104/Documents/TroopSupport/Subsistence/Rations/cids/59594A.pdf	government_pdf	US federal work; generally public domain, verify any embedded third-party material
us_dla_aa59594a_quicksearch	https://quicksearch.dla.mil/WMX/Default.aspx?token=5710999	government_html	US federal work; generally public domain, cite official QuickSearch record
us_epa_cpg_paper	https://www.epa.gov/smm/comprehensive-procurement-guidelines-paper-and-paper-products	government_html	US federal work; generally public domain, cite current page
us_access_board_ada_ch6	https://www.access-board.gov/ada/chapter/ch06/	government_html	US federal work; generally public domain, cite current page
eu_ecolabel_paper	https://environment.ec.europa.eu/topics/circular-economy-topics/eu-ecolabel/product-groups-and-criteria/paper_en	government_html	European Commission reuse policy applies; cite source and attribution
eu_decision_2019_70	https://eur-lex.europa.eu/legal-content/EN/TXT/HTML/?uri=CELEX:32019D0070	government_html	EU legal text; reuse subject to EUR-Lex notice
eu_decision_2019_70_current	https://eur-lex.europa.eu/legal-content/EN/TXT/HTML/?uri=CELEX:02019D0070-20241220	government_html	EU consolidated legal text; reuse subject to EUR-Lex notice
eu_decision_2024_3179	https://eur-lex.europa.eu/eli/dec/2024/3179/oj/eng/pdf	government_pdf	EU legal text; attempted PDF capture was empty, so use the official ELI HTML citation until a complete snapshot is obtained
iso_12625_6	https://www.iso.org/standard/66472.html	standards_metadata_html	ISO page metadata may be cited; standard text is copyrighted and not redistributable
iso_12625_4	https://www.iso.org/standard/80328.html	standards_metadata_html	ISO page metadata may be cited; standard text is copyrighted and not redistributable
iso_12625_8	https://www.iso.org/standard/53425.html	standards_metadata_html	ISO page metadata may be cited; standard text is copyrighted and not redistributable
iso_12625_12	https://www.iso.org/standard/83277.html	standards_metadata_html	ISO page metadata may be cited; standard text is copyrighted and not redistributable
jisc_reading_instructions	https://www.jisc.go.jp/jis-act/reading.html	standards_body_html	JISC public page; standard PDF text remains copyrighted and should not be redistributed
jsa_jis_2026_catalog	https://webdesk.jsa.or.jp/link/lib/jis2026/index/319176.pdf	standards_catalog_pdf	JSA catalog is public metadata; standard text remains copyrighted and should not be redistributed
jis_p4501_secondary	https://kikakurui.com/p/P4501-2006-01.html	standards_secondary_html	Secondary rendering of JIS text; use provisionally and do not redistribute
china_ndls_gbt20810	https://www.ndls.org.cn/standard/detail/a459a2fe870c292f3ce60ec17c83398d	standards_catalog_html	Official catalog metadata; full standard may be licensed/copyrighted
china_gbt20810_secondary	https://www.chinesestandard.net/PDF.aspx/GBT20810-2018	standards_secondary_html	Commercial secondary rendering; cite only limited clause summary and do not redistribute
india_is14661	https://law.resource.org/pub/in/bis/S02/is.14661.1999.pdf	standards_pdf	Publicly downloadable mirror; copyright/legal reuse uncertain, do not redistribute
fenner_sanitary_paper	https://doi.org/10.22459/aurj.05.2013.19	peer_reviewed_html	Cite DOI; verify article license before redistributing full text
biores_perforation	https://bioresources.cnr.ncsu.edu/wp-content/uploads/2021/11/BioRes_17_1_492_Vieira_VMCFC_Toilet_Paper_Perforation_Efficiency_19308.pdf	peer_reviewed_pdf	Open journal PDF; confirm article license on PDF before redistribution
bangkok_quality_consumption	https://so04.tci-thaijo.org/index.php/kjss/article/view/243981	peer_reviewed_html	Journal page publicly accessible; verify article license before redistributing full text
hanyu_recycling_consumption	https://doi.org/10.1016/S0921-3449(00)00060-4	peer_reviewed_abstract	Publisher abstract is citable; full text likely paywalled/nonredistributable
bma_bathroom_diary	https://bathroom-association.org.uk/wp-content/uploads/2024/05/BMA-Behind-the-Bathroom-Door-Research-Overview.pdf	industry_association_pdf	Public association report; cite with methodology limitations and verify before redistribution
yuasa_measured_use	https://yuasakamiten.com/blogs/iseecolumn/toiletpaper-1roll-howmanydays	retailer_blog_html	Copyrighted retailer blog reporting original staff measurements; cite limited facts only
pg_patent_us6458450	https://patents.google.com/patent/US6458450B1/en	patent_html	Patent text is persistently public; Google page compilation terms apply
consumer_reports_shrinkage	https://www.consumerreports.org/cro/magazine/2015/08/the-dirty-little-secrets-of-toilet-paper/index.htm	journalism_html	Copyrighted article; cite URL and limited factual summary only
serla_p17148_spec	https://easystar.ee/wp-content/uploads/2024/05/P17148.pdf	technical_sheet_pdf	Public supplier-hosted specification; manufacturer provenance indicated, but host is secondary; do not redistribute without permission
